,0
java,23205
javascript,21989
python,21555
c#,20937
android,18451
c++,12383
html,9591
ios,9175
php,8923
.net,8397
jquery,8364
css,7761
git,5877
c,5317
sql,5245
objective-c,4735
mysql,4536
iphone,4374
ruby-on-rails,4330
node.js,4175
ruby,4062
string,3864
linux,3752
r,3671
swift,3523
arrays,3480
asp.net,3391
sql-server,3362
django,3180
xcode,3047
angularjs,2933
json,2884
bash,2882
asp.net-mvc,2835
eclipse,2529
windows,2508
performance,2452
visual-studio,2420
angular,2394
regex,2382
macos,2123
spring,2106
c++11,2086
wpf,2024
database,2006
reactjs,1976
algorithm,1960
multithreading,1958
unit-testing,1942
scala,1940
